{"u5cbok7q": {"seed": 0, "epochs": 10, "lr_init": 0.001, "batch_size": 1, "title": "Supervised", "metrics": [[19.696006774902344, 2.48835083477134], [0.5432233020663262, 0.11086178916309085]], "metrics_init": [[11.10047914981842, 2.2499061065290054], [0.22673765569925308, 0.08728612137586206]]}}