{"u5cbok7q": {"seed": 0, "epochs": 10, "lr_init": 0.001, "batch_size": 1, "title": "Supervised", "metrics": [[19.696006774902344, 2.5529944161079987], [0.5432233020663262, 0.11374181193769084]], "metrics_init": [[11.10047914981842, 2.308355376629165], [0.22673765569925308, 0.08955367211353495]]}}